Title,URL,Author,Category/Tags,Last Modified,Description
All Python Tutorial Topics,https://realpython.com/tutorials/all/,N/A,N/A,N/A,Browse Python development tutorials by topic
Python Basics,https://realpython.com/tutorials/basics/,N/A,N/A,N/A,Begin your Python journey with these beginner-friendly tutorials. Learn fundamental Python concepts to kickstart your career. This foundation will equip you with the necessary skills to further advance your budding Python programming skills.
Intermediate Python Tutorials,https://realpython.com/tutorials/intermediate/,N/A,N/A,N/A,Dig into our intermediate-level tutorials teaching new Python concepts. Expand your Python knowledge after covering the basics. These tutorials will prepare you for more complex Python projects and challenges.
Advanced Python Tutorials,https://realpython.com/tutorials/advanced/,N/A,N/A,N/A,Explore advanced Python tutorials to master the Python programming language. Dive deeper into Python and enhance your coding skills. These tutorials will equip you with the advanced skills necessary for professional Python development.
Python Coding With AI,https://realpython.com/tutorials/ai/,N/A,N/A,N/A,"Learn how to write Python code with the assistance of AI, and learn to build real-world practical Python programs that leverage LLMs."
Algorithms in Python,https://realpython.com/tutorials/algorithms/,N/A,N/A,N/A,"Learn Python algorithms: sorting, searching, graphs, DP, Big O. Use heapq, bisect, deque, lru_cache, timeit. Study practical tips and FAQs for interviews."
Python API Tutorials,https://realpython.com/tutorials/api/,N/A,N/A,N/A,"Learn to design, build, secure, and consume Python APIs with FastAPI, Flask, Django, Requests, OpenAPI, testing, Docker, and deployment tips."
Python Best Practices for More Pythonic Code,https://realpython.com/tutorials/best-practices/,N/A,N/A,N/A,"Learn to structure functions, name things clearly, handle errors, and organize projects. Ship maintainable software with confidence."
Python Career Tips & Articles,https://realpython.com/tutorials/career/,N/A,N/A,N/A,"Practice challenges, review data structures, and explain solutions clearly. Build a portfolio and plan your next role."
Python Community Articles and Interviews,https://realpython.com/tutorials/community/,N/A,N/A,N/A,Get to know your fellow coders through articles and interviews. Connect with the broader Python community for collaboration and learning.
Python Database Tutorials,https://realpython.com/tutorials/databases/,N/A,N/A,N/A,"Interact with SQL, NoSQL, and vector databases using Python. Build data-intensive applications for web development, data analysis, and AI applications."
Python Data Science Tutorials,https://realpython.com/tutorials/data-science/,N/A,N/A,N/A,"Explore all Python data science tutorials. Learn how to analyze and visualize data using Python. With these skills, you can derive insights from large data sets and make data-driven decisions."
Data Structures in Python,https://realpython.com/tutorials/data-structures/,N/A,N/A,N/A,"Learn when to use lists, tuples, dicts, and sets. See time complexity, pick the right tool, and write faster, cleaner code."
Python Data Visualization,https://realpython.com/tutorials/data-viz/,N/A,N/A,N/A,Explore various libraries and use them to communicate your data visually with Python. Present complex data in understandable formats.
Python DevOps Tutorials,https://realpython.com/tutorials/devops/,N/A,N/A,N/A,"Ship Python apps with confidence. Learn Docker, Ansible, CI/CD, Kubernetes, Nginx, and monitoring practices to automate deploys and run reliable production systems."
Django Tutorials,https://realpython.com/tutorials/django/,N/A,N/A,N/A,Learn Django through practical real-world projects. Django is a high-level Python web framework for rapidly developing complex web applications.
Python Docker Tutorials,https://realpython.com/tutorials/docker/,N/A,N/A,N/A,"Learn Docker, a containerization tool for creating isolated, reproducible application environments. With Docker, you can manage and deploy your Python applications more efficiently."
Python Editors & Integrated Development Environments (IDEs),https://realpython.com/tutorials/editors/,N/A,N/A,N/A,Learn about new tools or delve deeper into your favorite editor. This knowledge will streamline your Python development process.
Flask Tutorials,https://realpython.com/tutorials/flask/,N/A,N/A,N/A,"Learn key aspects of Flask development. With this knowledge, you'll be able to create robust and scalable web applications using Flask."
Frontend Web Development Tutorials,https://realpython.com/tutorials/front-end/,N/A,N/A,N/A,"Learn front-end skills for Python web applications. Enrich Flask or Django with JavaScript, handle AJAX, auth, static assets, and SPA state for fast, modern UIs."
Python Game Development Tutorials,https://realpython.com/tutorials/gamedev/,N/A,N/A,N/A,"Build games with Pygame and Arcade, learn loops, classes, sprites, and sound. Structure projects, manage assets, and practice by creating a small 2D app."
Python GUI Programming Tutorials,https://realpython.com/tutorials/gui/,N/A,N/A,N/A,Create graphical user interfaces using various Python frameworks. Get started with GUI programming in Python to build user-friendly applications.
Python Machine Learning Tutorials,https://realpython.com/tutorials/machine-learning/,N/A,N/A,N/A,"Learn how to implement machine learning (ML) algorithms in Python. With these skills, you can create intelligent systems capable of learning and making decisions."
Python News,https://realpython.com/tutorials/news/,N/A,N/A,N/A,"Follow the latest developments for core Python and its broader third-party ecosystem. Important Python news for you, curated by the Real Python team."
What Is NumPy?,https://realpython.com/tutorials/numpy/,N/A,N/A,N/A,"Create and slice arrays, compare to lists, and run fast operations. Understand when NumPy fits and practice core patterns step by step."
Python Projects You Can Build,https://realpython.com/tutorials/projects/,N/A,N/A,N/A,Work on Python projects that help you gain real-world programming experience. These projects include full source code and step-by-step instructions.
Core Python Language Tutorials,https://realpython.com/tutorials/python/,N/A,N/A,N/A,Dive into the heart of the Python language. Understand Python's core features to gain a solid foundation for advanced Python programming.
Python Standard Library Modules,https://realpython.com/tutorials/stdlib/,N/A,N/A,N/A,"Practical Python standard library tutorials to master datetime, pathlib, argparse, subprocess, logging, and more. Write faster, cleaner, dependency-free code."
Python Testing Tutorials,https://realpython.com/tutorials/testing/,N/A,N/A,N/A,Discover best practices and techniques for testing your Python applications to build robust and bug-free applications.
Python Development Tools Tutorials,https://realpython.com/tutorials/tools/,N/A,N/A,N/A,"Pick your editor, manage venvs, use Git, run pytest, auto-fix code with Ruff. Add mypy, CI, packaging, and Docker to ship with confidence."
Python Web Development Tutorials,https://realpython.com/tutorials/web-dev/,N/A,N/A,N/A,"Learn real-world solutions to problems in Python Web application development. These tutorials and articles cover key techniques used in the field. Armed with this knowledge, you can create modern web applications."
Python Web Scraping Tutorials,https://realpython.com/tutorials/web-scraping/,N/A,N/A,N/A,Learn web scraping with real-world practical projects. Download and select data from the web with Python. Automate the process of data extraction from websites.
