Title,URL
All,https://realpython.com/tutorials/all/
Basics,https://realpython.com/tutorials/basics/
Intermediate,https://realpython.com/tutorials/intermediate/
Advanced,https://realpython.com/tutorials/advanced/
Ai,https://realpython.com/tutorials/ai/
Algorithms,https://realpython.com/tutorials/algorithms/
Api,https://realpython.com/tutorials/api/
Best Practices,https://realpython.com/tutorials/best-practices/
Career,https://realpython.com/tutorials/career/
Community,https://realpython.com/tutorials/community/
Databases,https://realpython.com/tutorials/databases/
Data Science,https://realpython.com/tutorials/data-science/
Data Structures,https://realpython.com/tutorials/data-structures/
Data Viz,https://realpython.com/tutorials/data-viz/
Devops,https://realpython.com/tutorials/devops/
Django,https://realpython.com/tutorials/django/
Docker,https://realpython.com/tutorials/docker/
Editors,https://realpython.com/tutorials/editors/
Flask,https://realpython.com/tutorials/flask/
Front End,https://realpython.com/tutorials/front-end/
Gamedev,https://realpython.com/tutorials/gamedev/
Gui,https://realpython.com/tutorials/gui/
Machine Learning,https://realpython.com/tutorials/machine-learning/
News,https://realpython.com/tutorials/news/
Numpy,https://realpython.com/tutorials/numpy/
Projects,https://realpython.com/tutorials/projects/
Python,https://realpython.com/tutorials/python/
Stdlib,https://realpython.com/tutorials/stdlib/
Testing,https://realpython.com/tutorials/testing/
Tools,https://realpython.com/tutorials/tools/
Web Dev,https://realpython.com/tutorials/web-dev/
Web Scraping,https://realpython.com/tutorials/web-scraping/
